Alaska,Alberta,Central_America,Eastern_United_States,Greenland,Northwest_Territory,Ontario,Quebec,Western_United_States,Argentina,Brazil,Peru,Venezuela,Great_Britain,Iceland,Northern_Europe,Scandinavia,Southern_Europe,Ukraine,Western_Europe,Congo,East_Africa,Egypt,Madagascar,North_Africa,South_Africa,Afghanistan,China,India,Irkutsk,Japan,Kamchatka,Middle_East,Mongolia,Siam,Siberia,Ural,Yakutsk,Eastern_Australia,Indonesia,New_Guinea,Western_Australia
Alaska
Alberta
Central America
Eastern United States
Greenland
Northwest Territory
Ontario
Quebec
Western United States
Argentina
Brazil
Peru
Venezuela
Argentina
Brazil
Peru
Venezuela
Great Britain[note 1]
Iceland
Northern Europe
Scandinavia
Southern Europe
Ukraine[note 1]
Western Europe
Congo[note 1]
East Africa
Egypt
Madagascar
North Africa
South Africa
Afghanistan[note 2]
China
India[note 1]
Irkutsk
Japan
Kamchatka
Middle East
Mongolia
Siam[note 1]
Siberia
Ural
Yakutsk
Eastern Australia
Indonesia
New Guinea
Western Australia
